driverId,name,ssn,location,certified,wage-plan
10,Casey Nichols,688-94-4928,"483 Jacobs Loaf
Waltonport, AZ 75034",N,hours
11,Jason Pitts DDS,264-43-0887,"737 Hamilton Club Suite 891
North Michellefurt, FL 36959",N,miles
12,Jeremy Perkins,479-95-6509,"07606 Brown Road Apt. 376
South Jennifermouth, OK 29858",N,miles
13,Kyle Preston,470-08-8852,"070 Quinn Ville
North Jesus, ME 31066",Y,miles
14,Charles Armstrong,803-26-1036,"209 Joseph Ports Suite 107
Bradleyport, MH 47512",Y,hours
15,Dale Jackson,559-02-6775,"74014 Garcia Run
Port Cindy, MH 26241",N,miles
16,Alyssa Rodriguez,384-09-7938,"7430 Houston Orchard
South Carolfurt, MH 54284",Y,miles
17,Deanna Sanchez,310-01-2795,"3261 Nichole Ford Apt. 462
Andersonshire, WA 47296",N,hours
18,Mark Santiago,389-14-7495,"039 Sharp Trace
Bradleyview, NJ 44937",Y,miles
19,Melanie Hall,757-42-9294,"796 Richardson Expressway
Petersenburgh, ND 62048",N,hours
20,Stephen Anderson,357-81-4660,"008 Melissa Villages
North Patriciachester, NE 63162",N,hours
21,Shannon Oconnor,158-94-7407,"233 Logan Common
Michaelahaven, MH 90499",Y,hours
22,Amber Woods,225-71-4224,"2154 Amber Haven
Bobbybury, WY 62031",Y,hours
23,Andrea Obrien,456-69-6449,"091 Katrina Grove
West Jerrybury, LA 44425",Y,hours
24,Catherine Hughes,292-31-9698,"USNS Lyons
FPO AP 00889",N,hours
25,Brian Turner,282-66-0949,"10578 Combs Camp
Coryside, AR 45285",N,miles
26,Tyler Alvarado,372-23-2112,"503 Martinez Orchard
South Williamstad, WV 43950",N,hours
27,John Garrett,150-66-4833,"80156 Bradley Park Apt. 121
Lake Richard, TX 70239",Y,hours
28,Karen Thornton,812-50-8207,"7312 Burton Summit
Matthewtown, VA 25448",N,miles
29,Robert Logan,669-21-2442,"3039 Caleb Parkways Apt. 249
East Sheenamouth, WA 40397",Y,hours
30,Diane Sandoval,572-70-2147,"532 Donna Loop Apt. 790
Lake Kenneth, KY 94442",Y,miles
31,Steven Thomas,834-56-9771,"025 Terry Skyway
Lake Amandaport, PW 71567",Y,miles
32,Sandra Bennett,226-23-6518,"0961 Spencer Tunnel
Mcculloughborough, RI 07989",N,miles
33,Christine Hill,017-13-2571,"865 Johnson Brooks Apt. 184
East Heatherville, CO 37600",N,miles
34,Stephanie Baxter,431-41-3360,"92316 Kim Trace
Port Donnaborough, NC 37332",Y,hours
35,Gail Carpenter,278-11-0909,"5806 Danielle Shore Suite 122
Lake Leslie, ND 18387",N,hours
36,Jennifer Foster,837-40-6794,"76553 Boyd Road Suite 007
New Hayley, MA 16688",N,hours
37,Jackie Campbell,762-59-4299,"36160 Brittany Pines Suite 459
New Marc, FL 50645",N,hours
38,Rachel Carpenter,672-70-5380,"89242 Williams Shore Apt. 454
Hollychester, FM 89921",Y,miles
39,Janice Robles,685-65-8961,"6227 Frances Tunnel Apt. 152
North Joshuaborough, GA 65160",Y,miles
40,Rachel Pham,384-95-5772,"284 Erin Rapids Apt. 073
Port Jacob, NM 27518",N,hours
41,Charles Gonzalez,186-23-9135,"9155 Jackson Squares
East Peterstad, WY 78578",Y,hours
42,Blake Gonzalez,659-02-9216,"778 Judy Parkways Apt. 443
West Scott, VA 14936",Y,miles
43,Lisa Mckay,891-82-7939,"896 Caleb Summit Apt. 913
Mariaborough, FL 76606",Y,miles
44,Stephen Thomas,607-31-3355,"4607 Deborah Loaf
New Eric, WV 15064",Y,miles
45,Shannon Wright,343-07-9109,"85208 Margaret Pines Suite 250
Brandtville, NH 35499",N,hours
46,Calvin Tate,507-73-6811,"0630 Samantha Union Suite 797
Stonemouth, NJ 52975",N,miles
47,Julie Black,421-45-7482,"140 Heather Locks Apt. 200
Lake Richard, SC 20187",N,miles
48,Christopher Fitzgerald,757-43-5139,"8024 Ward Greens Suite 943
Lake Franklin, VT 51329",Y,miles
49,Robin Harris,084-83-7361,"30545 Virginia Wall
Port Evan, FM 61390",N,hours
50,Nicholas Galvan,535-28-3751,"61629 Jeffrey Oval Apt. 616
New Michael, OR 78810",N,miles
51,Mark Vaughn,455-41-6911,"854 Welch Branch Suite 596
Port James, NY 14214",Y,hours
52,Anna Andrews,650-44-9314,"2837 Wright Vista
Kevinville, IL 09237",Y,hours
53,Ronald Ramirez,529-64-8237,"45675 Charles Islands Apt. 774
Jonathanfort, FL 94980",Y,hours
54,Ashley Braun,110-31-0090,"84231 Velasquez Groves
Ashleystad, PA 58088",N,hours
55,Ariel Frank,693-10-6609,"Unit 0032 Box 4585
DPO AP 87058",N,miles
56,Mary Guerrero,661-54-0940,"27179 Tyler Drive
Lucasburgh, NC 14618",Y,hours
57,Sabrina Ibarra,851-40-8739,"52760 Campbell Trail
North Jasonstad, PR 07812",Y,miles
58,Steven Vargas,497-67-5471,"79636 Matthew Port Apt. 691
Ericaberg, KY 46015",N,hours
59,Paula Matthews,663-20-6613,"162 Brooke Vista Apt. 471
Port Ryanbury, MD 39291",Y,miles
60,Kenneth Gray,326-77-2750,"222 Cruz Pass Suite 141
Lake Cynthia, MN 13817",Y,hours
61,Randy Weaver,212-70-7779,"2996 Ryan Trail Apt. 672
North Nathanshire, MI 66242",N,hours
62,Danny Barrett,381-42-4178,"7209 Timothy Via Suite 291
Katieshire, VA 77507",Y,miles
63,Michael Gonzalez,451-68-8945,"23366 Nichols Ford
Port Leslie, PA 58889",N,miles
64,Adriana Lowe,840-82-2742,"431 Jacob Plaza
Jacobchester, LA 47414",N,hours
65,Daniel Simpson,791-58-5234,"342 Tammy Light
Lake Phillip, NJ 06632",Y,hours
66,Phillip Sanchez,826-40-0470,"82139 Johnson Ford
Port Joshuamouth, PW 32486",N,hours
67,Dr. Christopher Crawford,343-16-7482,"034 William Meadow
New Jerry, OR 26160",Y,hours
68,Gregory Wong,222-11-7964,"464 Darryl Motorway Apt. 260
Meganfort, NM 60151",Y,miles
69,Diana Weber,695-56-6827,"18508 Michelle Valleys Suite 453
South Sean, WA 82503",Y,hours
70,Valerie Simmons,603-89-7228,"6854 Susan Canyon Suite 222
New Kristinport, AR 96317",Y,hours
71,Briana Oneill,197-05-1414,"7544 Jeffrey Dam
New Stanley, CT 15312",N,miles
72,Chad Lawrence,518-18-9119,"8792 Brenda Cliff
Mariofurt, MS 94913",Y,hours
73,Juan Rhodes,845-22-2081,"406 Christopher Via Suite 207
West Jasonfort, NH 51936",Y,miles
74,Gary Davis,745-95-9544,"0837 Roberts Ferry Suite 087
South Emilyborough, RI 73741",Y,miles
75,Anne Huang,401-77-8791,"PSC 9288, Box 6117
APO AA 02866",N,hours
76,Brenda Johnson,688-55-7533,"343 Erica Islands
Riveraland, IL 86020",N,hours
77,Taylor Hart,600-08-9584,"USS Bryan
FPO AE 01161",Y,miles
78,Scott Byrd,082-49-4302,"9021 Owens Hollow Suite 277
Port Jason, IA 33187",N,miles
79,Deborah Martin,890-51-5985,"639 Watkins Coves Apt. 085
West Jeffrey, KS 87134",Y,hours
80,Elizabeth Taylor,634-29-1928,"89760 Quinn Landing
Port Amanda, GU 93457",N,miles
81,Tracy Washington,157-58-7525,"2685 Samuel Knolls
Jamestown, DE 12307",Y,miles
82,Ashley Green,791-27-2358,"2572 Stacy Trafficway Apt. 634
Robertston, ID 52692",N,hours
83,Julie Mitchell,661-24-0104,"15382 Ricky Overpass
Lake Sarahfort, PW 07586",Y,miles
84,Christopher Williams,779-81-0048,"2963 Bell Crossing Suite 314
Mcmillanview, MA 51362",Y,hours
85,Misty Jones,603-06-7799,"449 Paula Ports Apt. 823
Brandontown, NM 96307",Y,hours
86,Adam Henson,715-71-0250,"Unit 5738 Box 1957
DPO AA 69739",N,miles
87,Janice Hill,235-36-8986,"77194 Greene Square
Jacobsonburgh, MI 88622",Y,miles
88,Rebecca Harper,556-24-7133,"33588 Kevin Isle
North Christopherburgh, NH 04747",Y,miles
89,Gregory Murphy,876-04-4295,"398 Brown Glens Apt. 233
New Stephenhaven, MP 71703",N,hours
90,Jocelyn Atkins,064-98-0485,"07064 Dillon Forges
Port Tylershire, IN 82480",Y,miles
91,Robert Green,879-72-9517,"24530 Stephanie Ramp
North Dorothy, ND 21728",Y,hours
92,Lawrence Proctor,845-24-7998,"892 Christopher Land
Port Heather, IN 79983",Y,miles
93,Samantha Flynn,483-76-8653,"110 Riddle Hollow Suite 598
Nicholasbury, NC 29576",Y,miles
94,Maria Phillips,604-98-4313,"8993 Mcintosh Curve
East John, WY 94544",Y,hours
95,Cole Massey,577-91-4626,"35960 Meagan Circle
Hallside, AK 44191",Y,miles
96,Michael Farley,751-56-5695,"9745 David Prairie
Dodsonchester, DC 61470",N,hours
97,Charles Rodriguez MD,415-39-8614,"985 Gary Road Suite 553
South Kristinside, NM 43489",N,hours
98,Jacob Jimenez,506-76-2864,"7726 Michael Lake Apt. 437
North Jennifer, MT 51512",N,miles
99,Michael Ray,316-63-4015,"018 Joseph Avenue Apt. 224
Sampsonchester, NH 46102",N,miles
100,Adam Young,374-07-4795,"9399 Sarah Course
South Paige, VT 14261",Y,hours
101,Eric Bowers,597-45-7238,"3424 Proctor Overpass
Port Anthony, MP 51463",Y,hours
102,Lauren Yoder,167-62-1239,"0057 Chapman Plains
Adrianberg, IA 01179",N,hours
103,Julie Brown,088-37-9979,"PSC 0340, Box 4655
APO AA 08487",Y,hours
104,Sarah Salazar,490-83-8188,"78728 Norton Parkway Apt. 906
South Jeremy, OH 79786",Y,miles
105,Jason Williamson,241-84-4635,"3142 Gomez Point Apt. 956
North Reneeberg, SC 22406",Y,miles
106,Scott Murray,200-54-1039,"6572 Brian View
South Amy, MO 08202",N,miles
107,Brandi Mcconnell,273-69-8053,"4910 Jeremy Station Suite 641
West Brittneyside, MO 90934",N,miles
108,Charles Lane,104-73-4710,"710 Joshua Lakes
Port Alisonfort, HI 29414",N,hours
109,Amber Carter,786-28-1965,"360 Evelyn Summit
Theresatown, CA 98933",N,hours
